ID,Name,Affiliation,Rite,City,State,Street_Address,Website_URL,Missing_Data
696e72c2d180e9a720281b5a,St. Peter the Rock Community,Ordinariate,Latin,Arlington,TX,1408 North Davis Drive,MISSING,Website
696e72c2d180e9a720281b5d,St. Timothy Church,Ordinariate,Latin,Fort Worth,TX,MISSING,MISSING,Address & Website
696e72c2d180e9a720281b5f,St. Margaret Community,Ordinariate,Latin,Katy,TX,MISSING,MISSING,Address & Website
696e72c2d180e9a720281b61,St. Gregory the Great Community,Ordinariate,Latin,Mobile,AL,MISSING,MISSING,Address & Website
696e72c2d180e9a720281b65,St. John Henry Newman Church (Santa Ana),Ordinariate,Latin,Santa Ana,CA,MISSING,MISSING,Address & Website
696e72c2d180e9a720281b67,San Agustin Church,Ordinariate,Latin,Pinecrest,FL,MISSING,MISSING,Address & Website
696e72c2d180e9a720281b68,St. James Mission,Ordinariate,Latin,St. Augustine,FL,MISSING,MISSING,Address & Website
696e72c2d180e9a720281b69,Our Lady of Mount Carmel Community (Savannah),Ordinariate,Latin,Savannah,GA,MISSING,MISSING,Address & Website
696e72c2d180e9a720281b6a,St. Joseph of Arimathea Community,Ordinariate,Latin,Indianapolis,IN,MISSING,MISSING,Address & Website
696e72c2d180e9a720281b6d,St. Timothy Community,Ordinariate,Latin,Catonsville,MD,MISSING,MISSING,Address & Website
696e72c2d180e9a720281b6f,St. Gregory the Great Church (Boston),Ordinariate,Latin,Chestnut Hill,MA,MISSING,MISSING,Address & Website
696e72c2d180e9a720281b70,St. Bede the Venerable Society,Ordinariate,Latin,Collegeville,MN,MISSING,MISSING,Address & Website
696e72c2d180e9a720281b71,St. George Church,Ordinariate,Latin,Republic,MO,MISSING,MISSING,Address & Website
696e72c2d180e9a720281b72,St. Barnabas Church,Ordinariate,Latin,Omaha,NE,MISSING,MISSING,Address & Website
696e72c2d180e9a720281b73,St. Alban Fellowship,Ordinariate,Latin,Henrietta,NY,MISSING,MISSING,Address & Website
696e72c2d180e9a720281b74,Our Lady of Good Counsel Community,Ordinariate,Latin,Jacksonville,NC,MISSING,MISSING,Address & Website
696e72c2d180e9a720281b75,Our Lady of Mount Carmel Church (Philadelphia),Ordinariate,Latin,Bridgeport,PA,MISSING,MISSING,Address & Website
696e72c2d180e9a720281b76,St. Michael the Archangel Church,Ordinariate,Latin,Philadelphia,PA,MISSING,MISSING,Address & Website
696e72c2d180e9a720281b77,St. Thomas More Parish,Ordinariate,Latin,Scranton,PA,MISSING,MISSING,Address & Website
696e72c2d180e9a720281b78,Corpus Christi Community,Ordinariate,Latin,Charleston,SC,MISSING,MISSING,Address & Website
696e72c2d180e9a720281b79,St. Anselm Community,Ordinariate,Latin,Greenville,SC,MISSING,MISSING,Address & Website
696e72c2d180e9a720281b7a,St. John Fisher Community,Ordinariate,Latin,Potomac Falls,VA,MISSING,MISSING,Address & Website
696e731bd180e9a720281b8c,Immaculate Conception Church,SSPX,Latin,Post Falls,ID,495 Lincoln Street,MISSING,Website
696e731bd180e9a720281b8e,Our Lady Help of Christians Church,SSPX,Latin,San Jose,CA,1565 S. White Road,MISSING,Website
696e731bd180e9a720281b91,Our Lady of the Sun Church,SSPX,Latin,El Paso,TX,MISSING,MISSING,Address & Website
696e8541f0ca480527def047,St. George Byzantine Catholic Church,Eastern Catholic,Byzantine,Aliquippa,PA,MISSING,MISSING,Address & Website
696e8541f0ca480527def048,St. Mary Byzantine Catholic Church,Eastern Catholic,Byzantine,Ambridge,PA,MISSING,MISSING,Address & Website
696e8541f0ca480527def049,St. John the Baptist Byzantine Catholic Church,Eastern Catholic,Byzantine,Uniontown,PA,MISSING,MISSING,Address & Website
696e8541f0ca480527def04c,St. Nicholas of Myra Byzantine Catholic Church,Eastern Catholic,Byzantine,Greensburg,PA,MISSING,MISSING,Address & Website
696e8541f0ca480527def04d,St. John the Baptist Byzantine Catholic Church (Mingo Junction),Eastern Catholic,Byzantine,Mingo Junction,OH,MISSING,MISSING,Address & Website
696e8541f0ca480527def04e,Holy Protection of the Mother of God Byzantine Catholic Church,Eastern Catholic,Byzantine,Morgantown,WV,MISSING,MISSING,Address & Website
696e8541f0ca480527def04f,Assumption of the Mother of God Byzantine Catholic Church,Eastern Catholic,Byzantine,Weirton,WV,MISSING,MISSING,Address & Website
696e8541f0ca480527def050,St. Nicholas Ukrainian Catholic Church,Eastern Catholic,Ukrainian,Philadelphia,PA,MISSING,MISSING,Address & Website
696e8541f0ca480527def051,St. John the Baptist Ukrainian Catholic Church,Eastern Catholic,Ukrainian,Whippany,NJ,MISSING,MISSING,Address & Website
696e8541f0ca480527def052,St. Josaphat Ukrainian Catholic Church,Eastern Catholic,Ukrainian,Bethlehem,PA,MISSING,MISSING,Address & Website
696e8541f0ca480527def053,Sts. Cyril and Methodius Ukrainian Catholic Church,Eastern Catholic,Ukrainian,Olyphant,PA,MISSING,MISSING,Address & Website
696e8541f0ca480527def054,St. Anne Ukrainian Catholic Church,Eastern Catholic,Ukrainian,Warrington,PA,MISSING,MISSING,Address & Website
696e8541f0ca480527def05c,St. Ann Melkite Catholic Church,Eastern Catholic,Melkite,Woodland Park,NJ,MISSING,MISSING,Address & Website
696e8541f0ca480527def05d,Virgin Mary Melkite Catholic Church,Eastern Catholic,Melkite,Brooklyn,NY,MISSING,MISSING,Address & Website
696e8541f0ca480527def05e,St. John Chrysostom Melkite Catholic Church,Eastern Catholic,Melkite,Atlanta,GA,MISSING,MISSING,Address & Website
696e8541f0ca480527def05f,St. George Melkite Catholic Church,Eastern Catholic,Melkite,Birmingham,AL,MISSING,MISSING,Address & Website
696e8541f0ca480527def060,St. John of the Desert Melkite Catholic Church,Eastern Catholic,Melkite,Phoenix,AZ,MISSING,MISSING,Address & Website
696e8541f0ca480527def061,St. Anne Melkite Co-Cathedral,Eastern Catholic,Melkite,North Hollywood,CA,MISSING,MISSING,Address & Website
696e8541f0ca480527def062,Holy Cross Melkite Catholic Church,Eastern Catholic,Melkite,Placentia,CA,MISSING,MISSING,Address & Website
696e8541f0ca480527def063,St. George Melkite Catholic Church (Sacramento),Eastern Catholic,Melkite,Sacramento,CA,MISSING,MISSING,Address & Website
696e8541f0ca480527def064,Our Lady of Redemption Melkite Catholic Church,Eastern Catholic,Melkite,Warren,MI,MISSING,MISSING,Address & Website
696e8541f0ca480527def065,Our Lady of the Cedars Melkite Catholic Church,Eastern Catholic,Melkite,Manchester,NH,MISSING,MISSING,Address & Website
696e8541f0ca480527def066,St. Joseph Chaldean Catholic Church,Eastern Catholic,Chaldean,Troy,MI,MISSING,MISSING,Address & Website
696e8541f0ca480527def067,Sacred Heart Chaldean Catholic Church,Eastern Catholic,Chaldean,Detroit,MI,MISSING,MISSING,Address & Website
696e8541f0ca480527def068,St. Thomas the Apostle Chaldean Catholic Church,Eastern Catholic,Chaldean,West Bloomfield,MI,MISSING,MISSING,Address & Website
696e8541f0ca480527def069,Mar Addai Chaldean Catholic Church,Eastern Catholic,Chaldean,Oak Park,MI,MISSING,MISSING,Address & Website
696e8541f0ca480527def06b,St. George Chaldean Catholic Church,Eastern Catholic,Chaldean,Chicago,IL,MISSING,MISSING,Address & Website
696e8541f0ca480527def06c,Our Lady of Chaldeans Catholic Church,Eastern Catholic,Chaldean,Phoenix,AZ,MISSING,MISSING,Address & Website
696e8541f0ca480527def06d,St. Michael Ruthenian Byzantine Catholic Church,Eastern Catholic,Ruthenian,Binghamton,NY,MISSING,MISSING,Address & Website
696e8541f0ca480527def06e,St. Mary Byzantine Catholic Church (Ruthenian),Eastern Catholic,Ruthenian,Cleveland,OH,MISSING,MISSING,Address & Website
696e8541f0ca480527def06f,Holy Spirit Byzantine Catholic Church (Ruthenian),Eastern Catholic,Ruthenian,Parma,OH,MISSING,https://parma.org,Address
696e8541f0ca480527def070,St. Stephen Byzantine Catholic Cathedral,Eastern Catholic,Ruthenian,Phoenix,AZ,MISSING,MISSING,Address & Website
696e86e3f0ca480527def073,Our Lady of Guadalupe Chapel,SSPX,Latin,New Plymouth,ID,221 W. Elm Street,MISSING,Website
696e86e3f0ca480527def074,St. Joseph's Mission,SSPX,Latin,St. Maries,ID,81525 State Hwy 3,MISSING,Website
696e86e3f0ca480527def075,SSPX Boise Chapel,SSPX,Latin,Boise,ID,MISSING,MISSING,Address & Website
696e86e3f0ca480527def076,SSPX Pocatello Mission,SSPX,Latin,Pocatello,ID,MISSING,MISSING,Address & Website
696ea886ac209a6164e2aec7,St. Michael the Archangel Chapel,SSPX,Latin,Spring,TX,24001 Aldine Westfield Road,MISSING,Website
696ea886ac209a6164e2aec8,Jesus and Mary Chapel,SSPX,Latin,Carthage,TX,MISSING,MISSING,Address & Website
696ea886ac209a6164e2aec9,SSPX Chapel North Richland Hills,SSPX,Latin,North Richland Hills,TX,MISSING,MISSING,Address & Website
696ea886ac209a6164e2aeca,St. Pius X Chapel,SSPX,Latin,Upper Marlboro,MD,7604 S. Osborne Rd,MISSING,Website
696ea886ac209a6164e2aecb,St. Ignatius Retreat House,SSPX,Latin,Ridgefield,CT,209 Tackora Trail,MISSING,Website
696ea886ac209a6164e2aecc,Our Lady of Guadalupe Chapel,SSPX,Latin,Browerville,MN,MISSING,MISSING,Address & Website
696ea886ac209a6164e2aecd,Immaculate Conception Chapel,SSPX,Latin,Arcadia,CA,MISSING,MISSING,Address & Website
696ea886ac209a6164e2aece,Our Lady of Fatima Chapel,SSPX,Latin,San Diego,CA,MISSING,MISSING,Address & Website
696ea886ac209a6164e2aecf,St. Joseph Chapel,SSPX,Latin,Sacramento,CA,MISSING,MISSING,Address & Website
696ea886ac209a6164e2aed0,St. Therese of Lisieux Chapel,SSPX,Latin,Bakersfield,CA,MISSING,MISSING,Address & Website
696ea886ac209a6164e2aed1,Our Lady of Sorrows Chapel,SSPX,Latin,Tucson,AZ,MISSING,MISSING,Address & Website
696ea886ac209a6164e2aed2,St. Vincent Ferrer Chapel,SSPX,Latin,Orange,CT,MISSING,MISSING,Address & Website
696ea886ac209a6164e2aed4,Our Lady Star of the Sea Chapel,SSPX,Latin,Jacksonville,FL,MISSING,MISSING,Address & Website
696ea886ac209a6164e2aed5,Holy Family Chapel,SSPX,Latin,Tampa,FL,MISSING,MISSING,Address & Website
696ea886ac209a6164e2aed7,St. John the Baptist Chapel,SSPX,Latin,Chicago,IL,MISSING,MISSING,Address & Website
696ea886ac209a6164e2aed8,Our Lady of Sorrows Chapel,SSPX,Latin,Indianapolis,IN,MISSING,MISSING,Address & Website
696ea886ac209a6164e2aed9,St. Mary's Academy and Chapel,SSPX,Latin,St. Marys,KS,MISSING,MISSING,Address & Website
696ea886ac209a6164e2aeda,Queen of All Saints Chapel,SSPX,Latin,Louisville,KY,MISSING,MISSING,Address & Website
696ea886ac209a6164e2aedb,St. Theresa Chapel,SSPX,Latin,New Orleans,LA,MISSING,MISSING,Address & Website
696ea886ac209a6164e2aedc,St. Joseph Chapel,SSPX,Latin,Boston,MA,MISSING,MISSING,Address & Website
696ea886ac209a6164e2aedd,Our Lady of the Rosary Chapel,SSPX,Latin,Detroit,MI,MISSING,MISSING,Address & Website
696ea886ac209a6164e2aede,St. Vincent de Paul Chapel,SSPX,Latin,St. Paul,MN,MISSING,MISSING,Address & Website
696ea886ac209a6164e2aedf,Our Lady of Fatima Chapel,SSPX,Latin,St. Louis,MO,MISSING,MISSING,Address & Website
696ea886ac209a6164e2aee0,Holy Cross Chapel,SSPX,Latin,Omaha,NE,MISSING,MISSING,Address & Website
696ea886ac209a6164e2aee1,St. Jude Chapel,SSPX,Latin,Las Vegas,NV,MISSING,MISSING,Address & Website
696ea886ac209a6164e2aee2,Our Lady of Fatima Chapel,SSPX,Latin,Albany,NY,MISSING,MISSING,Address & Website
696ea886ac209a6164e2aee3,St. Thomas Aquinas Chapel,SSPX,Latin,Syracuse,NY,MISSING,MISSING,Address & Website
696ea886ac209a6164e2aee4,Our Lady of Lourdes Chapel,SSPX,Latin,Cincinnati,OH,MISSING,MISSING,Address & Website
696ea886ac209a6164e2aee6,St. Isidore Chapel,SSPX,Latin,Columbus,OH,MISSING,MISSING,Address & Website
696ea886ac209a6164e2aee7,Our Lady of Czestochowa Chapel,SSPX,Latin,Philadelphia,PA,MISSING,MISSING,Address & Website
696ea886ac209a6164e2aee8,St. Joseph Chapel,SSPX,Latin,Pittsburgh,PA,MISSING,MISSING,Address & Website
696ea886ac209a6164e2aee9,Our Lady Help of Christians Chapel,SSPX,Latin,Charleston,SC,MISSING,MISSING,Address & Website
696ea886ac209a6164e2aeeb,Our Lady of the Assumption Chapel,SSPX,Latin,Norfolk,VA,MISSING,MISSING,Address & Website
696ea886ac209a6164e2aeec,St. Joseph Chapel,SSPX,Latin,Richmond,VA,MISSING,MISSING,Address & Website
696ea886ac209a6164e2aeed,Immaculate Heart of Mary Chapel,SSPX,Latin,Milwaukee,WI,MISSING,MISSING,Address & Website
696ea886ac209a6164e2aeee,St. Mary's Chapel,SSPX,Latin,Green Bay,WI,MISSING,MISSING,Address & Website
696ea886ac209a6164e2aeef,Holy Family Chapel,SSPX,Latin,Portland,OR,MISSING,MISSING,Address & Website
696ea886ac209a6164e2aef0,St. Patrick Chapel,SSPX,Latin,Salt Lake City,UT,MISSING,MISSING,Address & Website
696ea886ac209a6164e2aef1,Our Lady of Fatima Chapel,SSPX,Latin,Oklahoma City,OK,MISSING,MISSING,Address & Website
696ea886ac209a6164e2aef2,Our Lady of Sorrows Chapel,SSPX,Latin,Birmingham,AL,MISSING,MISSING,Address & Website
696ea886ac209a6164e2aef3,St. Michael Chapel,SSPX,Latin,Little Rock,AR,MISSING,MISSING,Address & Website
696ea886ac209a6164e2aef4,St. Isidore Chapel,SSPX,Latin,Des Moines,IA,MISSING,MISSING,Address & Website
696ea886ac209a6164e2aef5,St. Joan of Arc Chapel,SSPX,Latin,Wichita,KS,MISSING,MISSING,Address & Website
696ea886ac209a6164e2aef6,St. Thomas More Chapel,SSPX,Latin,Baton Rouge,LA,MISSING,MISSING,Address & Website
696ea886ac209a6164e2aef7,Our Lady of Perpetual Help Chapel,SSPX,Latin,Portland,ME,MISSING,MISSING,Address & Website
696ea886ac209a6164e2aef8,St. Athanasius Chapel,SSPX,Latin,Grand Rapids,MI,MISSING,MISSING,Address & Website
696ea886ac209a6164e2aef9,St. John Vianney Chapel,SSPX,Latin,Duluth,MN,MISSING,MISSING,Address & Website
696ea886ac209a6164e2aefa,Our Lady of Fatima Chapel,SSPX,Latin,Billings,MT,MISSING,MISSING,Address & Website
696ea886ac209a6164e2aefb,St. Michael Chapel,SSPX,Latin,Charlotte,NC,MISSING,MISSING,Address & Website
696ea886ac209a6164e2aefc,St. Joseph Chapel,SSPX,Latin,Fargo,ND,MISSING,MISSING,Address & Website
696ea886ac209a6164e2aefd,Our Lady of the Mountains Chapel,SSPX,Latin,Reno,NV,MISSING,MISSING,Address & Website
696ea886ac209a6164e2aefe,St. Anne Chapel,SSPX,Latin,Manchester,NH,MISSING,MISSING,Address & Website
696ea886ac209a6164e2aeff,St. Pius V Chapel,SSPX,Latin,Allentown,PA,MISSING,MISSING,Address & Website
696ea886ac209a6164e2af00,St. Joseph Chapel,SSPX,Latin,Sioux Falls,SD,MISSING,MISSING,Address & Website
696ea886ac209a6164e2af01,Immaculate Heart Chapel,SSPX,Latin,Knoxville,TN,MISSING,MISSING,Address & Website
696ea886ac209a6164e2af02,Our Lady of Guadalupe Chapel (Tacoma),SSPX,Latin,Tacoma,WA,MISSING,MISSING,Address & Website
696ea886ac209a6164e2af03,St. Patrick Chapel,SSPX,Latin,Charleston,WV,MISSING,MISSING,Address & Website
696ea886ac209a6164e2af04,St. Theresa Chapel,SSPX,Latin,Cheyenne,WY,MISSING,MISSING,Address & Website
696ea886ac209a6164e2af05,Our Lady of Fatima Chapel,SSPX,Latin,Honolulu,HI,MISSING,MISSING,Address & Website
696ea886ac209a6164e2af06,St. Joseph Chapel,SSPX,Latin,Anchorage,AK,MISSING,MISSING,Address & Website
696eab1fac209a6164e2af07,Saint John the Baptist Byzantine Catholic Church,Eastern Catholic,Byzantine,Avella,PA,176 Cross Creek Road,MISSING,Website
696eab1fac209a6164e2af08,Saint Nicholas of Myra Byzantine Catholic Chapel,Eastern Catholic,Byzantine,Beaver,PA,5400 Tuscarawas Road,MISSING,Website
696eab1fac209a6164e2af09,Saint Mary Byzantine Catholic Church,Eastern Catholic,Byzantine,Beaverdale,PA,Stewart Street,MISSING,Website
696eab1fac209a6164e2af0a,Saints Peter & Paul Byzantine Catholic Church,Eastern Catholic,Byzantine,Braddock,PA,431 George Street,MISSING,Website
696eab1fac209a6164e2af0b,Saint Mary Byzantine Catholic Church,Eastern Catholic,Byzantine,Bradenville,PA,112 St. Mary's Way,MISSING,Website
696eab1fac209a6164e2af0c,Saint Nicholas Byzantine Catholic Church,Eastern Catholic,Byzantine,Brownsville,PA,302 3rd Avenue,MISSING,Website
696eab1fac209a6164e2af0d,Saint Michael Byzantine Catholic Church,Eastern Catholic,Byzantine,Canonsburg,PA,166 East College Street,MISSING,Website
696eab1fac209a6164e2af0f,Ascension of Our Lord Byzantine Catholic Church,Eastern Catholic,Byzantine,Clairton,PA,318 Park Avenue,MISSING,Website
696eab1fac209a6164e2af10,Dormition of the Mother of God Byzantine Catholic Church,Eastern Catholic,Byzantine,Clarence,PA,104 Byzantine Lane,MISSING,Website
696eab1fac209a6164e2af11,Saint Anne Byzantine Catholic Church,Eastern Catholic,Byzantine,Clymer,PA,48 Franklin Street,MISSING,Website
696eab1fac209a6164e2af13,Saint Michael the Archangel Byzantine Catholic Church,Eastern Catholic,Byzantine,Donora,PA,511 Murray Avenue,MISSING,Website
696eab1fac209a6164e2af14,Nativity of the Mother of God Byzantine Catholic Church,Eastern Catholic,Byzantine,DuBois,PA,200 McCullough Street,MISSING,Website
696eab1fac209a6164e2af17,Saint Jude Thaddeus Byzantine Catholic Church,Eastern Catholic,Byzantine,Ernest,PA,320 Main Street,MISSING,Website
696eab1fac209a6164e2af18,Saint Andrew the Apostle Byzantine Catholic Church,Eastern Catholic,Byzantine,Gibsonia,PA,235 Logan Road,MISSING,Website
696eab1fac209a6164e2af19,Saints Cyril and Methodius Byzantine Catholic Church,Eastern Catholic,Byzantine,Girard,PA,1022 Tilden Drive,MISSING,Website
696eab1fac209a6164e2af1a,Saint Mary Byzantine Catholic Church,Eastern Catholic,Byzantine,Hannastown,PA,Pollins Avenue,MISSING,Website
696eab1fac209a6164e2af1b,Saint John the Baptist Byzantine Catholic Church,Eastern Catholic,Byzantine,Hawk Run,PA,24 Fulton Street,MISSING,Website
696eab1fac209a6164e2af1c,Saint Mary Byzantine Catholic Church,Eastern Catholic,Byzantine,Herminie,PA,5 2nd Street,MISSING,Website
696eab1fac209a6164e2af1d,Saint Michael Byzantine Catholic Church,Eastern Catholic,Byzantine,Hermitage,PA,2230 Highland Road,MISSING,Website
696eab1fac209a6164e2af1e,Saint Mary's Holy Protection Byzantine Catholic Church,Eastern Catholic,Byzantine,Homer City,PA,279 Yellow Creek Street,MISSING,Website
696eab1fac209a6164e2af20,Saint Mary Byzantine Catholic Church,Eastern Catholic,Byzantine,Johnstown,PA,411 Power Street,MISSING,Website
696eab1fac209a6164e2af21,Saint Stephen Byzantine Catholic Church,Eastern Catholic,Byzantine,Leisenring,PA,3120 West Crawford Avenue,MISSING,Website
696eab1fac209a6164e2af22,Saint John the Baptist Byzantine Catholic Church,Eastern Catholic,Byzantine,Lyndora,PA,105 Kohler Avenue,MISSING,Website
696eab1fac209a6164e2af24,Saint Nicholas of Myra Byzantine Catholic Church,Eastern Catholic,Byzantine,McKeesport,PA,410 West 6th Avenue,MISSING,Website
696eab1fac209a6164e2af25,Saint Mary Byzantine Catholic Church of the Assumption,Eastern Catholic,Byzantine,Monessen,PA,125 McKee Avenue,MISSING,Website
696eab1fac209a6164e2af27,Saint John the Baptist Byzantine Catholic Cathedral,Eastern Catholic,Byzantine,Munhall,PA,210 Greentree Road,MISSING,Website
696eab1fac209a6164e2af28,Saint Nicholas of Myra Byzantine Catholic Church,Eastern Catholic,Byzantine,Nanty Glo,PA,1191 2nd Street,MISSING,Website
696eab1fac209a6164e2af29,Saint Mary Assumption Byzantine Catholic Church,Eastern Catholic,Byzantine,New Salem,PA,12 Center Street Extension,MISSING,Website
696eab1fac209a6164e2af2a,Saint Stephen Byzantine Catholic Church,Eastern Catholic,Byzantine,North Huntingdon,PA,90 Bethel Road,MISSING,Website
696eab1fac209a6164e2af2b,Saint John the Baptist Byzantine Catholic Church,Eastern Catholic,Byzantine,Northern Cambria,PA,719 Chestnut Avenue,MISSING,Website
696eab1fac209a6164e2af2d,Saint Nicholas Byzantine Catholic Church,Eastern Catholic,Byzantine,Perryopolis,PA,102 Railroad Street,MISSING,Website
696eab1fac209a6164e2af2e,Saint Pius X Byzantine Catholic Church,Eastern Catholic,Byzantine,Pittsburgh,PA,2336 Brownsville Road,MISSING,Website
696eab1fac209a6164e2af2f,Saint John Chrysostom Byzantine Catholic Church,Eastern Catholic,Byzantine,Pittsburgh,PA,506 Saline Street,MISSING,Website
696eab1fac209a6164e2af30,Saint John the Baptist Byzantine Catholic Church,Eastern Catholic,Byzantine,Pittsburgh,PA,1720 Jane Street,MISSING,Website
696eab1fac209a6164e2af31,Holy Spirit Byzantine Catholic Church,Eastern Catholic,Byzantine,Pittsburgh,PA,4815 Fifth Avenue,MISSING,Website
696eab1fac209a6164e2af34,Saint John the Baptist Byzantine Catholic Church,Eastern Catholic,Byzantine,Scottdale,PA,525 Porter Avenue,MISSING,Website
696eab1fac209a6164e2af35,Saint Michael the Archangel Byzantine Catholic Church,Eastern Catholic,Byzantine,Sheffield,PA,407 School Street,MISSING,Website
696eab1fac209a6164e2af36,State College Byzantine Catholic Community,Eastern Catholic,Byzantine,State College,PA,1606 Norma St,MISSING,Website
696eab1fac209a6164e2af39,Saint Mary Byzantine Catholic Church,Eastern Catholic,Byzantine,Latrobe,PA,4480 Route 981,MISSING,Website
696eab1fac209a6164e2af3a,Saint Mary Byzantine Catholic Church,Eastern Catholic,Byzantine,Windber,PA,803 Somerset Avenue,MISSING,Website
696eab1fac209a6164e2af3b,Saint Nicholas of Myra Byzantine Catholic Mission,Eastern Catholic,Byzantine,New Orleans,LA,2435 South Carrollton Avenue,MISSING,Website
696eab1fac209a6164e2af3c,Infant Jesus of Prague Byzantine Catholic Church,Eastern Catholic,Byzantine,Boardman,OH,7754 South Avenue,MISSING,Website
696eab1fac209a6164e2af3d,Saint Michael Byzantine Catholic Church,Eastern Catholic,Byzantine,Campbell,OH,463 Robinson Road,MISSING,Website
696eab1fac209a6164e2af3e,Saint Michael Byzantine Catholic Church,Eastern Catholic,Byzantine,Pleasant City,OH,408 Walnut Street,MISSING,Website
696eab1fac209a6164e2af3f,Saint Joseph Byzantine Catholic Church,Eastern Catholic,Byzantine,Toronto,OH,814 North 5th Street,MISSING,Website
696eab1fac209a6164e2af41,Saint Nicholas Byzantine Catholic Church,Eastern Catholic,Byzantine,Youngstown,OH,1898 Wilson Avenue,MISSING,Website
696eab1fac209a6164e2af42,Saint Mary Byzantine Catholic Church,Eastern Catholic,Byzantine,Youngstown,OH,356 South Belle Vista Avenue,MISSING,Website
696eab1fac209a6164e2af43,Byzantine Catholic Mission Holy Family Church,Eastern Catholic,Byzantine,Lawton,OK,1010 NW 82nd St,MISSING,Website
696eab1fac209a6164e2af44,The Byzantine Catholic Community of Austin,Eastern Catholic,Byzantine,Austin,TX,1610 E 11th St,MISSING,Website
696eab1fac209a6164e2af45,Saint John Chrysostom Byzantine Catholic Church,Eastern Catholic,Byzantine,Houston,TX,5402 Acorn Street,MISSING,Website
696eab1fac209a6164e2af46,Saint Basil the Great Byzantine Catholic Church,Eastern Catholic,Byzantine,Irving,TX,1118 East Union Bower Road,MISSING,Website
696eab6aac209a6164e2af47,St. George Ukrainian Catholic Church,Eastern Catholic,Ukrainian,New York,NY,MISSING,MISSING,Address & Website
696eab6aac209a6164e2af48,Cathedral of St. Vladimir,Eastern Catholic,Ukrainian,Stamford,CT,MISSING,MISSING,Address & Website
696eab6aac209a6164e2af49,St. Michael Ukrainian Catholic Church,Eastern Catholic,Ukrainian,Hartford,CT,MISSING,MISSING,Address & Website
696eab6aac209a6164e2af4a,St. Nicholas Ukrainian Catholic Cathedral,Eastern Catholic,Ukrainian,Chicago,IL,MISSING,MISSING,Address & Website
696eab6aac209a6164e2af4b,Ss. Volodymyr and Olha Ukrainian Catholic Church,Eastern Catholic,Ukrainian,Chicago,IL,MISSING,MISSING,Address & Website
696eab6aac209a6164e2af4c,St. Joseph Ukrainian Catholic Church,Eastern Catholic,Ukrainian,Chicago,IL,MISSING,MISSING,Address & Website
696eab6aac209a6164e2af4d,St. Theresa Maronite Catholic Church,Eastern Catholic,Maronite,Brockton,MA,MISSING,MISSING,Address & Website
696eab6aac209a6164e2af51,St. Mary Romanian Byzantine Catholic Church,Eastern Catholic,Romanian,Cleveland,OH,MISSING,MISSING,Address & Website
696eab6aac209a6164e2af52,Our Lady of Nareg Armenian Catholic Cathedral,Eastern Catholic,Armenian,New York,NY,MISSING,MISSING,Address & Website
696eab6aac209a6164e2af54,St. Mary Queen of Peace Syro-Malankara Cathedral,Eastern Catholic,Syro-Malankara,Elmont,NY,MISSING,MISSING,Address & Website
696eb493d145d1e483b0b522,St. Pius X Chapel,SSPX,Latin,Tulsa,OK,MISSING,MISSING,Address & Website
696eb493d145d1e483b0b523,Our Lady of Fatima Chapel,SSPX,Latin,Sacramento,CA,MISSING,MISSING,Address & Website
696eb493d145d1e483b0b524,St. Thomas More Chapel,SSPX,Latin,Fresno,CA,MISSING,MISSING,Address & Website
696eb493d145d1e483b0b525,Queen of All Saints Chapel,SSPX,Latin,San Francisco,CA,MISSING,MISSING,Address & Website
696eb493d145d1e483b0b526,Our Lady of Good Counsel Chapel,SSPX,Latin,Spokane,WA,MISSING,MISSING,Address & Website
696eb493d145d1e483b0b527,St. Patrick Chapel,SSPX,Latin,Portland,OR,MISSING,MISSING,Address & Website
696eb493d145d1e483b0b528,Holy Family Chapel,SSPX,Latin,Eugene,OR,MISSING,MISSING,Address & Website
696eb493d145d1e483b0b529,St. Bernadette Chapel,SSPX,Latin,Albuquerque,NM,MISSING,MISSING,Address & Website
696eb493d145d1e483b0b52a,Our Lady of Sorrows Chapel,SSPX,Latin,Colorado Springs,CO,MISSING,MISSING,Address & Website
696eb493d145d1e483b0b52b,St. Francis de Sales Chapel,SSPX,Latin,Salt Lake City,UT,MISSING,MISSING,Address & Website
696eb493d145d1e483b0b52c,Our Lady of Perpetual Help Chapel,SSPX,Latin,Boise,ID,MISSING,MISSING,Address & Website
696eb493d145d1e483b0b52d,St. Anthony Chapel,SSPX,Latin,Helena,MT,MISSING,MISSING,Address & Website
696eb493d145d1e483b0b52e,St. Athanasius Chapel,SSPX,Latin,Jackson,MS,MISSING,MISSING,Address & Website
696eb493d145d1e483b0b52f,St. Joseph Chapel,SSPX,Latin,Mobile,AL,MISSING,MISSING,Address & Website
696eb493d145d1e483b0b531,Our Lady of Victory Chapel,SSPX,Latin,Raleigh,NC,MISSING,MISSING,Address & Website
696eb493d145d1e483b0b532,St. John Fisher Chapel,SSPX,Latin,Virginia Beach,VA,MISSING,MISSING,Address & Website
696eb493d145d1e483b0b533,Immaculate Heart of Mary Chapel,SSPX,Latin,Baltimore,MD,MISSING,MISSING,Address & Website
696eb493d145d1e483b0b534,St. Augustine Chapel,SSPX,Latin,Wilmington,DE,MISSING,MISSING,Address & Website
696eb493d145d1e483b0b535,Our Lady of Lourdes Chapel,SSPX,Latin,Trenton,NJ,MISSING,MISSING,Address & Website
696eb493d145d1e483b0b536,St. Thomas More Chapel,SSPX,Latin,Hartford,CT,MISSING,MISSING,Address & Website
696eb4a4d145d1e483b0b538,St. Thomas the Apostle Church,Ordinariate,Latin,Austin,TX,MISSING,MISSING,Address & Website
696eb4a4d145d1e483b0b539,St. Mary the Virgin Church,Ordinariate,Latin,Arlington,TX,MISSING,MISSING,Address & Website
696eb4a4d145d1e483b0b53a,Our Lady of Hope Community,Ordinariate,Latin,Louisville,KY,MISSING,MISSING,Address & Website
696eb4a4d145d1e483b0b53b,St. Alban Community,Ordinariate,Latin,Rochester,NY,MISSING,MISSING,Address & Website
696eb4a4d145d1e483b0b53c,All Saints Community,Ordinariate,Latin,Denver,CO,MISSING,MISSING,Address & Website
696eb4a4d145d1e483b0b53d,St. Edmund of Canterbury Community,Ordinariate,Latin,San Diego,CA,MISSING,MISSING,Address & Website
696eb4a4d145d1e483b0b53e,Our Lady of Walsingham Community,Ordinariate,Latin,Seattle,WA,MISSING,MISSING,Address & Website
696eb4a4d145d1e483b0b53f,St. Gregory the Great Community,Ordinariate,Latin,Portland,OR,MISSING,MISSING,Address & Website
696eb4a4d145d1e483b0b540,Holy Trinity Community,Ordinariate,Latin,Phoenix,AZ,MISSING,MISSING,Address & Website
696eb4a4d145d1e483b0b541,St. John Henry Newman Community,Ordinariate,Latin,Las Vegas,NV,MISSING,MISSING,Address & Website
